modelo,MAE,MSE,RMSE,R2
RANDOM FOREST — Umidade do Solo (%),5.796798537975129,47.206799982472866,6.870720484961739,0.7237395825763726
REGRESSÃO LINEAR — Umidade do Solo (%),10.421369741065291,157.0411687451659,12.531606790239067,0.0809743755911917
REGRESSÃO POLINOMIAL — Umidade do Solo (%),10.810000239530348,164.2656430631559,12.81661589746513,0.038695799379815043
RANDOM FOREST — pH do Solo,0.4273095682425119,0.23042184033699747,0.48002274981192034,-0.21236367640217546
REGRESSÃO LINEAR — pH do Solo,0.4205215432676444,0.2121561722396267,0.4606041383222981,-0.11625893002013399
REGRESSÃO POLINOMIAL — pH do Solo,0.4304135538834921,0.23310100156186567,0.48280534541558845,-0.22646007346030528
RANDOM FOREST — Rendimento Estimado (0–100),7.313707262649382,71.35149187645622,8.446981228608019,0.5272180979098872
REGRESSÃO LINEAR — Rendimento Estimado (0–100),6.526161147576602,59.4927307796745,7.713153102310008,0.6057953985425977
REGRESSÃO POLINOMIAL — Rendimento Estimado (0–100),6.723510666061914,62.284811968317925,7.892072729538035,0.5872947979182618
